{
	"ImportPath": "github.com/opencontainers/runc",
	"GoVersion": "go1.5.3",
	"Deps": [
		{
			"ImportPath": "github.com/Sirupsen/logrus",
			"Comment": "v0.7.3-2-g26709e2",
			"Rev": "26709e2714106fb8ad40b773b711ebce25b78914"
		},
		{
			"ImportPath": "github.com/codegangsta/cli",
			"Comment": "1.2.0-187-gc31a797",
			"Rev": "c31a7975863e7810c92e2e288a9ab074f9a88f29"
		},
		{
			"ImportPath": "github.com/coreos/go-systemd/activation",
			"Comment": "v4",
			"Rev": "b4a58d95188dd092ae20072bac14cece0e67c388"
		},
		{
			"ImportPath": "github.com/coreos/go-systemd/dbus",
			"Comment": "v4",
			"Rev": "b4a58d95188dd092ae20072bac14cece0e67c388"
		},
		{
			"ImportPath": "github.com/coreos/go-systemd/util",
			"Comment": "v4",
			"Rev": "b4a58d95188dd092ae20072bac14cece0e67c388"
		},
		{
			"ImportPath": "github.com/docker/docker/pkg/mount",
			"Comment": "v1.4.1-4831-g0f5c9d3",
			"Rev": "0f5c9d301b9b1cca66b3ea0f9dec3b5317d3686d"
		},
		{
			"ImportPath": "github.com/docker/docker/pkg/symlink",
			"Comment": "v1.4.1-4831-g0f5c9d3",
			"Rev": "0f5c9d301b9b1cca66b3ea0f9dec3b5317d3686d"
		},
		{
			"ImportPath": "github.com/docker/docker/pkg/term",
			"Comment": "v1.4.1-4831-g0f5c9d3",
			"Rev": "0f5c9d301b9b1cca66b3ea0f9dec3b5317d3686d"
		},
		{
			"ImportPath": "github.com/docker/go-units",
			"Comment": "v0.1.0",
			"Rev": "9b001659dd36225e356b4467c465d732e745f53d"
		},
		{
			"ImportPath": "github.com/godbus/dbus",
			"Comment": "v3",
			"Rev": "c7fdd8b5cd55e87b4e1f4e372cdb1db61dd6c66f"
		},
		{
			"ImportPath": "github.com/golang/protobuf/proto",
			"Rev": "f7137ae6b19afbfd61a94b746fda3b3fe0491874"
		},
		{
			"ImportPath": "github.com/opencontainers/runtime-spec/specs-go",
			"Comment": "v0.5.0-34-g6e08c69",
			"Rev": "6e08c6983ef8c2173f10ca09266907d4e9e71716"
		},
		{
			"ImportPath": "github.com/seccomp/libseccomp-golang",
			"Rev": "1b506fc7c24eec5a3693cdcbed40d9c226cfc6a1"
		},
		{
			"ImportPath": "github.com/syndtr/gocapability/capability",
			"Rev": "2c00daeb6c3b45114c80ac44119e7b8801fdd852"
		},
		{
			"ImportPath": "github.com/vishvananda/netlink",
			"Rev": "1e2e08e8a2dcdacaae3f14ac44c5cfa31361f270"
		}
	]
}
