{
	"ImportPath": "k8s.io/apiserver",
	"GoVersion": "unknown",
	"GodepVersion": "gen-godeps",
	"Packages": [
		"./..."
	],
	"Deps": [
		{
			"ImportPath": "cloud.google.com/go",
			"Rev": "v0.54.0"
		},
		{
			"ImportPath": "cloud.google.com/go/bigquery",
			"Rev": "v1.4.0"
		},
		{
			"ImportPath": "cloud.google.com/go/datastore",
			"Rev": "v1.1.0"
		},
		{
			"ImportPath": "cloud.google.com/go/pubsub",
			"Rev": "v1.2.0"
		},
		{
			"ImportPath": "cloud.google.com/go/storage",
			"Rev": "v1.6.0"
		},
		{
			"ImportPath": "dmitri.shuralyov.com/gpu/mtl",
			"Rev": "666a987793e9"
		},
		{
			"ImportPath": "github.com/Azure/go-ansiterm",
			"Rev": "d6e3b3328b78"
		},
		{
			"ImportPath": "github.com/Azure/go-autorest",
			"Rev": "v14.2.0"
		},
		{
			"ImportPath": "github.com/Azure/go-autorest/autorest",
			"Rev": "v0.11.12"
		},
		{
			"ImportPath": "github.com/Azure/go-autorest/autorest/adal",
			"Rev": "v0.9.5"
		},
		{
			"ImportPath": "github.com/Azure/go-autorest/autorest/date",
			"Rev": "v0.3.0"
		},
		{
			"ImportPath": "github.com/Azure/go-autorest/autorest/mocks",
			"Rev": "v0.4.1"
		},
		{
			"ImportPath": "github.com/Azure/go-autorest/logger",
			"Rev": "v0.2.0"
		},
		{
			"ImportPath": "github.com/Azure/go-autorest/tracing",
			"Rev": "v0.6.0"
		},
		{
			"ImportPath": "github.com/BurntSushi/toml",
			"Rev": "v0.3.1"
		},
		{
			"ImportPath": "github.com/BurntSushi/xgb",
			"Rev": "27f122750802"
		},
		{
			"ImportPath": "github.com/NYTimes/gziphandler",
			"Rev": "v1.1.1"
		},
		{
			"ImportPath": "github.com/PuerkitoBio/purell",
			"Rev": "v1.1.1"
		},
		{
			"ImportPath": "github.com/PuerkitoBio/urlesc",
			"Rev": "de5bf2ad4578"
		},
		{
			"ImportPath": "github.com/alecthomas/template",
			"Rev": "fb15b899a751"
		},
		{
			"ImportPath": "github.com/alecthomas/units",
			"Rev": "c3de453c63f4"
		},
		{
			"ImportPath": "github.com/asaskevich/govalidator",
			"Rev": "f61b66f89f4a"
		},
		{
			"ImportPath": "github.com/beorn7/perks",
			"Rev": "v1.0.1"
		},
		{
			"ImportPath": "github.com/bgentry/speakeasy",
			"Rev": "v0.1.0"
		},
		{
			"ImportPath": "github.com/blang/semver",
			"Rev": "v3.5.1"
		},
		{
			"ImportPath": "github.com/census-instrumentation/opencensus-proto",
			"Rev": "v0.2.1"
		},
		{
			"ImportPath": "github.com/cespare/xxhash/v2",
			"Rev": "v2.1.1"
		},
		{
			"ImportPath": "github.com/chzyer/logex",
			"Rev": "v1.1.10"
		},
		{
			"ImportPath": "github.com/chzyer/readline",
			"Rev": "2972be24d48e"
		},
		{
			"ImportPath": "github.com/chzyer/test",
			"Rev": "a1ea475d72b1"
		},
		{
			"ImportPath": "github.com/client9/misspell",
			"Rev": "v0.3.4"
		},
		{
			"ImportPath": "github.com/cockroachdb/datadriven",
			"Rev": "80d97fb3cbaa"
		},
		{
			"ImportPath": "github.com/coreos/go-oidc",
			"Rev": "v2.1.0"
		},
		{
			"ImportPath": "github.com/coreos/go-semver",
			"Rev": "v0.3.0"
		},
		{
			"ImportPath": "github.com/coreos/go-systemd",
			"Rev": "95778dfbb74e"
		},
		{
			"ImportPath": "github.com/coreos/pkg",
			"Rev": "399ea9e2e55f"
		},
		{
			"ImportPath": "github.com/creack/pty",
			"Rev": "v1.1.11"
		},
		{
			"ImportPath": "github.com/davecgh/go-spew",
			"Rev": "v1.1.1"
		},
		{
			"ImportPath": "github.com/dgrijalva/jwt-go",
			"Rev": "v3.2.0"
		},
		{
			"ImportPath": "github.com/docopt/docopt-go",
			"Rev": "ee0de3bc6815"
		},
		{
			"ImportPath": "github.com/dustin/go-humanize",
			"Rev": "v1.0.0"
		},
		{
			"ImportPath": "github.com/elazarl/goproxy",
			"Rev": "947c36da3153"
		},
		{
			"ImportPath": "github.com/emicklei/go-restful",
			"Rev": "v2.9.5"
		},
		{
			"ImportPath": "github.com/envoyproxy/go-control-plane",
			"Rev": "5f8ba28d4473"
		},
		{
			"ImportPath": "github.com/envoyproxy/protoc-gen-validate",
			"Rev": "v0.1.0"
		},
		{
			"ImportPath": "github.com/evanphx/json-patch",
			"Rev": "v4.9.0"
		},
		{
			"ImportPath": "github.com/fatih/color",
			"Rev": "v1.7.0"
		},
		{
			"ImportPath": "github.com/form3tech-oss/jwt-go",
			"Rev": "v3.2.2"
		},
		{
			"ImportPath": "github.com/fsnotify/fsnotify",
			"Rev": "v1.4.7"
		},
		{
			"ImportPath": "github.com/ghodss/yaml",
			"Rev": "v1.0.0"
		},
		{
			"ImportPath": "github.com/go-gl/glfw",
			"Rev": "e6da0acd62b1"
		},
		{
			"ImportPath": "github.com/go-gl/glfw/v3.3/glfw",
			"Rev": "6f7a984d4dc4"
		},
		{
			"ImportPath": "github.com/go-kit/kit",
			"Rev": "v0.9.0"
		},
		{
			"ImportPath": "github.com/go-logfmt/logfmt",
			"Rev": "v0.4.0"
		},
		{
			"ImportPath": "github.com/go-logr/logr",
			"Rev": "v0.4.0"
		},
		{
			"ImportPath": "github.com/go-openapi/jsonpointer",
			"Rev": "v0.19.3"
		},
		{
			"ImportPath": "github.com/go-openapi/jsonreference",
			"Rev": "v0.19.3"
		},
		{
			"ImportPath": "github.com/go-openapi/spec",
			"Rev": "v0.19.5"
		},
		{
			"ImportPath": "github.com/go-openapi/swag",
			"Rev": "v0.19.5"
		},
		{
			"ImportPath": "github.com/go-stack/stack",
			"Rev": "v1.8.0"
		},
		{
			"ImportPath": "github.com/gogo/protobuf",
			"Rev": "v1.3.2"
		},
		{
			"ImportPath": "github.com/golang/glog",
			"Rev": "23def4e6c14b"
		},
		{
			"ImportPath": "github.com/golang/groupcache",
			"Rev": "8c9f03a8e57e"
		},
		{
			"ImportPath": "github.com/golang/mock",
			"Rev": "v1.4.1"
		},
		{
			"ImportPath": "github.com/golang/protobuf",
			"Rev": "v1.4.3"
		},
		{
			"ImportPath": "github.com/google/btree",
			"Rev": "v1.0.0"
		},
		{
			"ImportPath": "github.com/google/go-cmp",
			"Rev": "v0.5.2"
		},
		{
			"ImportPath": "github.com/google/gofuzz",
			"Rev": "v1.1.0"
		},
		{
			"ImportPath": "github.com/google/martian",
			"Rev": "v2.1.0"
		},
		{
			"ImportPath": "github.com/google/pprof",
			"Rev": "1ebb73c60ed3"
		},
		{
			"ImportPath": "github.com/google/renameio",
			"Rev": "v0.1.0"
		},
		{
			"ImportPath": "github.com/google/uuid",
			"Rev": "v1.1.2"
		},
		{
			"ImportPath": "github.com/googleapis/gax-go/v2",
			"Rev": "v2.0.5"
		},
		{
			"ImportPath": "github.com/googleapis/gnostic",
			"Rev": "v0.4.1"
		},
		{
			"ImportPath": "github.com/gorilla/websocket",
			"Rev": "v1.4.2"
		},
		{
			"ImportPath": "github.com/gregjones/httpcache",
			"Rev": "9cad4c3443a7"
		},
		{
			"ImportPath": "github.com/grpc-ecosystem/go-grpc-middleware",
			"Rev": "f849b5445de4"
		},
		{
			"ImportPath": "github.com/grpc-ecosystem/go-grpc-prometheus",
			"Rev": "v1.2.0"
		},
		{
			"ImportPath": "github.com/grpc-ecosystem/grpc-gateway",
			"Rev": "v1.9.5"
		},
		{
			"ImportPath": "github.com/hashicorp/golang-lru",
			"Rev": "v0.5.1"
		},
		{
			"ImportPath": "github.com/hpcloud/tail",
			"Rev": "v1.0.0"
		},
		{
			"ImportPath": "github.com/ianlancetaylor/demangle",
			"Rev": "5e5cf60278f6"
		},
		{
			"ImportPath": "github.com/imdario/mergo",
			"Rev": "v0.3.5"
		},
		{
			"ImportPath": "github.com/inconshreveable/mousetrap",
			"Rev": "v1.0.0"
		},
		{
			"ImportPath": "github.com/jonboulle/clockwork",
			"Rev": "v0.1.0"
		},
		{
			"ImportPath": "github.com/json-iterator/go",
			"Rev": "v1.1.10"
		},
		{
			"ImportPath": "github.com/jstemmer/go-junit-report",
			"Rev": "v0.9.1"
		},
		{
			"ImportPath": "github.com/julienschmidt/httprouter",
			"Rev": "v1.2.0"
		},
		{
			"ImportPath": "github.com/kisielk/errcheck",
			"Rev": "v1.5.0"
		},
		{
			"ImportPath": "github.com/kisielk/gotool",
			"Rev": "v1.0.0"
		},
		{
			"ImportPath": "github.com/konsorten/go-windows-terminal-sequences",
			"Rev": "v1.0.1"
		},
		{
			"ImportPath": "github.com/kr/logfmt",
			"Rev": "b84e30acd515"
		},
		{
			"ImportPath": "github.com/kr/pretty",
			"Rev": "v0.2.0"
		},
		{
			"ImportPath": "github.com/kr/pty",
			"Rev": "v1.1.5"
		},
		{
			"ImportPath": "github.com/kr/text",
			"Rev": "v0.2.0"
		},
		{
			"ImportPath": "github.com/mailru/easyjson",
			"Rev": "v0.7.0"
		},
		{
			"ImportPath": "github.com/mattn/go-colorable",
			"Rev": "v0.0.9"
		},
		{
			"ImportPath": "github.com/mattn/go-isatty",
			"Rev": "v0.0.4"
		},
		{
			"ImportPath": "github.com/mattn/go-runewidth",
			"Rev": "v0.0.2"
		},
		{
			"ImportPath": "github.com/matttproud/golang_protobuf_extensions",
			"Rev": "c182affec369"
		},
		{
			"ImportPath": "github.com/mitchellh/mapstructure",
			"Rev": "v1.1.2"
		},
		{
			"ImportPath": "github.com/moby/spdystream",
			"Rev": "v0.2.0"
		},
		{
			"ImportPath": "github.com/moby/term",
			"Rev": "df9cb8a40635"
		},
		{
			"ImportPath": "github.com/modern-go/concurrent",
			"Rev": "bacd9c7ef1dd"
		},
		{
			"ImportPath": "github.com/modern-go/reflect2",
			"Rev": "v1.0.1"
		},
		{
			"ImportPath": "github.com/munnerz/goautoneg",
			"Rev": "a7dc8b61c822"
		},
		{
			"ImportPath": "github.com/mwitkow/go-conntrack",
			"Rev": "cc309e4a2223"
		},
		{
			"ImportPath": "github.com/mxk/go-flowrate",
			"Rev": "cca7078d478f"
		},
		{
			"ImportPath": "github.com/niemeyer/pretty",
			"Rev": "a10e7caefd8e"
		},
		{
			"ImportPath": "github.com/olekukonko/tablewriter",
			"Rev": "a0225b3f23b5"
		},
		{
			"ImportPath": "github.com/onsi/ginkgo",
			"Rev": "v1.11.0"
		},
		{
			"ImportPath": "github.com/onsi/gomega",
			"Rev": "v1.7.0"
		},
		{
			"ImportPath": "github.com/peterbourgon/diskv",
			"Rev": "v2.0.1"
		},
		{
			"ImportPath": "github.com/pkg/errors",
			"Rev": "v0.9.1"
		},
		{
			"ImportPath": "github.com/pmezard/go-difflib",
			"Rev": "v1.0.0"
		},
		{
			"ImportPath": "github.com/pquerna/cachecontrol",
			"Rev": "0dec1b30a021"
		},
		{
			"ImportPath": "github.com/prometheus/client_golang",
			"Rev": "v1.7.1"
		},
		{
			"ImportPath": "github.com/prometheus/client_model",
			"Rev": "v0.2.0"
		},
		{
			"ImportPath": "github.com/prometheus/common",
			"Rev": "v0.10.0"
		},
		{
			"ImportPath": "github.com/prometheus/procfs",
			"Rev": "v0.2.0"
		},
		{
			"ImportPath": "github.com/rogpeppe/fastuuid",
			"Rev": "6724a57986af"
		},
		{
			"ImportPath": "github.com/rogpeppe/go-internal",
			"Rev": "v1.3.0"
		},
		{
			"ImportPath": "github.com/sirupsen/logrus",
			"Rev": "v1.7.0"
		},
		{
			"ImportPath": "github.com/soheilhy/cmux",
			"Rev": "v0.1.4"
		},
		{
			"ImportPath": "github.com/spf13/afero",
			"Rev": "v1.2.2"
		},
		{
			"ImportPath": "github.com/spf13/cobra",
			"Rev": "v0.0.3"
		},
		{
			"ImportPath": "github.com/spf13/pflag",
			"Rev": "v1.0.5"
		},
		{
			"ImportPath": "github.com/stretchr/objx",
			"Rev": "v0.2.0"
		},
		{
			"ImportPath": "github.com/stretchr/testify",
			"Rev": "v1.6.1"
		},
		{
			"ImportPath": "github.com/tmc/grpc-websocket-proxy",
			"Rev": "0ad062ec5ee5"
		},
		{
			"ImportPath": "github.com/urfave/cli",
			"Rev": "v1.20.0"
		},
		{
			"ImportPath": "github.com/xiang90/probing",
			"Rev": "43a291ad63a2"
		},
		{
			"ImportPath": "github.com/yuin/goldmark",
			"Rev": "v1.2.1"
		},
		{
			"ImportPath": "go.etcd.io/bbolt",
			"Rev": "v1.3.5"
		},
		{
			"ImportPath": "go.etcd.io/etcd",
			"Rev": "dd1b699fc489"
		},
		{
			"ImportPath": "go.opencensus.io",
			"Rev": "v0.22.3"
		},
		{
			"ImportPath": "go.uber.org/atomic",
			"Rev": "v1.4.0"
		},
		{
			"ImportPath": "go.uber.org/multierr",
			"Rev": "v1.1.0"
		},
		{
			"ImportPath": "go.uber.org/zap",
			"Rev": "v1.10.0"
		},
		{
			"ImportPath": "golang.org/x/crypto",
			"Rev": "5ea612d1eb83"
		},
		{
			"ImportPath": "golang.org/x/exp",
			"Rev": "6cc2880d07d6"
		},
		{
			"ImportPath": "golang.org/x/image",
			"Rev": "cff245a6509b"
		},
		{
			"ImportPath": "golang.org/x/lint",
			"Rev": "738671d3881b"
		},
		{
			"ImportPath": "golang.org/x/mobile",
			"Rev": "d2bd2a29d028"
		},
		{
			"ImportPath": "golang.org/x/mod",
			"Rev": "v0.3.0"
		},
		{
			"ImportPath": "golang.org/x/net",
			"Rev": "3d97a244fca7"
		},
		{
			"ImportPath": "golang.org/x/oauth2",
			"Rev": "bf48bf16ab8d"
		},
		{
			"ImportPath": "golang.org/x/sync",
			"Rev": "67f06af15bc9"
		},
		{
			"ImportPath": "golang.org/x/sys",
			"Rev": "a50acf3fe073"
		},
		{
			"ImportPath": "golang.org/x/term",
			"Rev": "6a3ed077a48d"
		},
		{
			"ImportPath": "golang.org/x/text",
			"Rev": "v0.3.4"
		},
		{
			"ImportPath": "golang.org/x/time",
			"Rev": "f8bda1e9f3ba"
		},
		{
			"ImportPath": "golang.org/x/tools",
			"Rev": "113979e3529a"
		},
		{
			"ImportPath": "golang.org/x/xerrors",
			"Rev": "5ec99f83aff1"
		},
		{
			"ImportPath": "google.golang.org/api",
			"Rev": "v0.20.0"
		},
		{
			"ImportPath": "google.golang.org/appengine",
			"Rev": "v1.6.5"
		},
		{
			"ImportPath": "google.golang.org/genproto",
			"Rev": "8816d57aaa9a"
		},
		{
			"ImportPath": "google.golang.org/grpc",
			"Rev": "v1.27.1"
		},
		{
			"ImportPath": "google.golang.org/protobuf",
			"Rev": "v1.25.0"
		},
		{
			"ImportPath": "gopkg.in/alecthomas/kingpin.v2",
			"Rev": "v2.2.6"
		},
		{
			"ImportPath": "gopkg.in/check.v1",
			"Rev": "8fa46927fb4f"
		},
		{
			"ImportPath": "gopkg.in/cheggaaa/pb.v1",
			"Rev": "v1.0.25"
		},
		{
			"ImportPath": "gopkg.in/errgo.v2",
			"Rev": "v2.1.0"
		},
		{
			"ImportPath": "gopkg.in/fsnotify.v1",
			"Rev": "v1.4.7"
		},
		{
			"ImportPath": "gopkg.in/inf.v0",
			"Rev": "v0.9.1"
		},
		{
			"ImportPath": "gopkg.in/natefinch/lumberjack.v2",
			"Rev": "v2.0.0"
		},
		{
			"ImportPath": "gopkg.in/resty.v1",
			"Rev": "v1.12.0"
		},
		{
			"ImportPath": "gopkg.in/square/go-jose.v2",
			"Rev": "v2.2.2"
		},
		{
			"ImportPath": "gopkg.in/tomb.v1",
			"Rev": "dd632973f1e7"
		},
		{
			"ImportPath": "gopkg.in/yaml.v2",
			"Rev": "v2.4.0"
		},
		{
			"ImportPath": "gopkg.in/yaml.v3",
			"Rev": "9f266ea9e77c"
		},
		{
			"ImportPath": "gotest.tools/v3",
			"Rev": "v3.0.3"
		},
		{
			"ImportPath": "honnef.co/go/tools",
			"Rev": "v0.0.1-2020.1.3"
		},
		{
			"ImportPath": "k8s.io/api",
			"Rev": "v0.21.0"
		},
		{
			"ImportPath": "k8s.io/apimachinery",
			"Rev": "v0.21.0"
		},
		{
			"ImportPath": "k8s.io/client-go",
			"Rev": "v0.21.0"
		},
		{
			"ImportPath": "k8s.io/component-base",
			"Rev": "v0.21.0"
		},
		{
			"ImportPath": "k8s.io/gengo",
			"Rev": "3a45101e95ac"
		},
		{
			"ImportPath": "k8s.io/klog/v2",
			"Rev": "v2.8.0"
		},
		{
			"ImportPath": "k8s.io/kube-openapi",
			"Rev": "591a79e4bda7"
		},
		{
			"ImportPath": "k8s.io/utils",
			"Rev": "67b214c5f920"
		},
		{
			"ImportPath": "rsc.io/binaryregexp",
			"Rev": "v0.2.0"
		},
		{
			"ImportPath": "rsc.io/quote/v3",
			"Rev": "v3.1.0"
		},
		{
			"ImportPath": "rsc.io/sampler",
			"Rev": "v1.3.0"
		},
		{
			"ImportPath": "sigs.k8s.io/apiserver-network-proxy/konnectivity-client",
			"Rev": "v0.0.15"
		},
		{
			"ImportPath": "sigs.k8s.io/structured-merge-diff/v4",
			"Rev": "v4.1.0"
		},
		{
			"ImportPath": "sigs.k8s.io/yaml",
			"Rev": "v1.2.0"
		}
	]
}